{
    "ALABAMA": {
      "lat": 32.806671,
      "lng": -86.79113
    },
    "ALASKA": {
      "lat": 61.370716,
      "lng": -152.404419
    },
    "ARIZONA": {
      "lat": 33.729759,
      "lng": -111.431221
    },
    "ARKANSAS": {
      "lat": 34.969704,
      "lng": -92.373123
    },
    "CALIFORNIA": {
      "lat": 36.116203,
      "lng": -119.681564
    },
    "COLORADO": {
      "lat": 39.059811,
      "lng": -105.311104
    },
    "CONNECTICUT": {
      "lat": 41.597782,
      "lng": -72.755371
    },
    "DELAWARE": {
      "lat": 39.318523,
      "lng": -75.507141
    },
    "DISTRICT OF COLUMBIA": {
      "lat": 38.897438,
      "lng": -77.026817
    },
    "FLORIDA": {
      "lat": 27.766279,
      "lng": -81.686783
    },
    "GEORGIA": {
      "lat": 33.040619,
      "lng": -83.643074
    },
    "HAWAII": {
      "lat": 21.094318,
      "lng": -157.498337
    },
    "IDAHO": {
      "lat": 44.240459,
      "lng": -114.478828
    },
    "ILLINOIS": {
      "lat": 40.349457,
      "lng": -88.986137
    },
    "INDIANA": {
      "lat": 39.849426,
      "lng": -86.258278
    },
    "IOWA": {
      "lat": 42.011539,
      "lng": -93.210526
    },
    "KANSAS": {
      "lat": 38.5266,
      "lng": -96.726486
    },
    "KENTUCKY": {
      "lat": 37.66814,
      "lng": -84.670067
    },
    "LOUISIANA": {
      "lat": 31.169546,
      "lng": -91.867805
    },
    "MAINE": {
      "lat": 44.693947,
      "lng": -69.381927
    },
    "MARYLAND": {
      "lat": 39.063946,
      "lng": -76.802101
    },
    "MASSACHUSETTS": {
      "lat": 42.230171,
      "lng": -71.530106
    },
    "MICHIGAN": {
      "lat": 43.326618,
      "lng": -84.536095
    },
    "MINNESOTA": {
      "lat": 45.694454,
      "lng": -93.900192
    },
    "MISSISSIPPI": {
      "lat": 32.741646,
      "lng": -89.678696
    },
    "MISSOURI": {
      "lat": 38.456085,
      "lng": -92.288368
    },
    "MONTANA": {
      "lat": 46.921925,
      "lng": -110.454353
    },
    "NEBRASKA": {
      "lat": 41.12537,
      "lng": -98.268082
    },
    "NEVADA": {
      "lat": 38.313515,
      "lng": -117.055374
    },
    "NEW HAMPSHIRE": {
      "lat": 43.452492,
      "lng": -71.563896
    },
    "NEW JERSEY": {
      "lat": 40.298904,
      "lng": -74.521011
    },
    "NEW MEXICO": {
      "lat": 34.840515,
      "lng": -106.248482
    },
    "NEW YORK": {
      "lat": 42.165726,
      "lng": -74.948051
    },
    "NORTH CAROLINA": {
      "lat": 35.630066,
      "lng": -79.806419
    },
    "NORTH DAKOTA": {
      "lat": 47.528912,
      "lng": -99.784012
    },
    "OHIO": {
      "lat": 40.388783,
      "lng": -82.764915
    },
    "OKLAHOMA": {
      "lat": 35.565342,
      "lng": -96.928917
    },
    "OREGON": {
      "lat": 44.572021,
      "lng": -122.070938
    },
    "PENNSYLVANIA": {
      "lat": 40.590752,
      "lng": -77.209755
    },
    "RHODE ISLAND": {
      "lat": 41.680893,
      "lng": -71.51178
    },
    "SOUTH CAROLINA": {
      "lat": 33.856892,
      "lng": -80.945007
    },
    "SOUTH DAKOTA": {
      "lat": 44.299782,
      "lng": -99.438828
    },
    "TENNESSEE": {
      "lat": 35.747845,
      "lng": -86.692345
    },
    "TEXAS": {
      "lat": 31.054487,
      "lng": -97.563461
    },
    "UTAH": {
      "lat": 40.150032,
      "lng": -111.862434
    },
    "VERMONT": {
      "lat": 44.045876,
      "lng": -72.710686
    },
    "VIRGINIA": {
      "lat": 37.769337,
      "lng": -78.169968
    },
    "WASHINGTON": {
      "lat": 47.400902,
      "lng": -121.490494
    },
    "WEST VIRGINIA": {
      "lat": 38.491226,
      "lng": -80.954453
    },
    "WISCONSIN": {
      "lat": 44.268543,
      "lng": -89.616508
    },
    "WYOMING": {
      "lat": 42.755966,
      "lng": -107.30249
    }
  }